{"cameraMode":{"drawMode":0,"name":"Shaded","section":"Shading Mode"},"sceneLighting":false,"audioPlay":false,"sceneViewState":{"m_AlwaysRefresh":false,"showFog":true,"showSkybox":false,"showFlares":true,"showImageEffects":true,"showParticleSystems":true,"showVisualEffectGraphs":true,"m_FxEnabled":true},"in2DMode":false,"pivot":{"x":18.81709098815918,"y":50.661014556884769,"z":32.869998931884769},"rotation":{"x":0.007352326065301895,"y":0.9864925742149353,"z":-0.1569833606481552,"w":0.04620250314474106},"size":2.9894609451293947,"orthographic":false}