{"cameraMode":{"drawMode":0,"name":"Shaded","section":"Shading Mode"},"sceneLighting":true,"audioPlay":false,"sceneViewState":{"m_AlwaysRefresh":false,"showFog":true,"showSkybox":true,"showFlares":true,"showImageEffects":true,"showParticleSystems":true,"showVisualEffectGraphs":true,"m_FxEnabled":true},"in2DMode":false,"pivot":{"x":153.46368408203126,"y":96.91802978515625,"z":262.57452392578127},"rotation":{"x":-0.0025313354562968017,"y":-0.9362912178039551,"z":0.3511512577533722,"w":-0.006749724503606558},"size":54.0386962890625,"orthographic":false}