{"cameraMode":{"drawMode":0,"name":"Shaded","section":"Shading Mode"},"sceneLighting":false,"audioPlay":false,"sceneViewState":{"m_AlwaysRefresh":false,"showFog":true,"showSkybox":false,"showFlares":true,"showImageEffects":true,"showParticleSystems":true,"showVisualEffectGraphs":true,"m_FxEnabled":true},"in2DMode":false,"pivot":{"x":19.476451873779298,"y":51.0903205871582,"z":32.83413314819336},"rotation":{"x":0.004297655541449785,"y":0.9922058582305908,"z":-0.035744816064834598,"w":0.11933920532464981},"size":5.000265598297119,"orthographic":false}